klic,ctvrt,cena_za_m2_czk,pocet_transakci,najem_m2_mesic,kraj
hostivice,Hostivice,138164,134,,Středočeský
černošice,Černošice,137600,25,,Středočeský
roztoky,Roztoky,132642,42,,Středočeský
říčany,Říčany,121413,46,,Středočeský
jesenice,Jesenice,116631,38,,Středočeský
rudná,Rudná,114250,12,,Středočeský
brandýs_nad_labem_stará_boleslav,Brandýs nad Labem-Stará Boleslav,110479,246,,Středočeský
český_brod,Český Brod,108297,195,,Středočeský
unhošť,Unhošť,106652,23,,Středočeský
úvaly,Úvaly,103666,12,,Středočeský
poděbrady,Poděbrady,102298,67,,Středočeský
nové_strašecí,Nové Strašecí,100000,18,,Středočeský
lysá_nad_labem,Lysá nad Labem,98230,26,,Středočeský
beroun,Beroun,96523,193,,Středočeský
čelákovice,Čelákovice,96102,39,,Středočeský
mníšek_pod_brdy,Mníšek pod Brdy,95969,33,,Středočeský
kralupy_nad_vltavou,Kralupy nad Vltavou,95343,169,,Středočeský
odolena_voda,Odolena Voda,95218,32,,Středočeský
slaný,Slaný,93522,111,,Středočeský
kladno,Kladno,93112,936,,Středočeský
hořovice,Hořovice,90276,123,,Středočeský
benešov,Benešov,89887,177,,Středočeský
nymburk,Nymburk,89670,85,,Středočeský
dobříš,Dobříš,88985,69,,Středočeský
neratovice,Neratovice,88545,33,,Středočeský
králův_dvůr,Králův Dvůr,88090,22,,Středočeský
benátky_nad_jizerou,Benátky nad Jizerou,87509,53,,Středočeský
stochov,Stochov,87105,19,,Středočeský
mělník,Mělník,83702,37,,Středočeský
kolín,Kolín,83510,245,,Středočeský
mladá_boleslav,Mladá Boleslav,81883,396,,Středočeský
milovice,Milovice,80826,161,,Středočeský
jílové_u_prahy,Jílové u Prahy,79666,15,,Středočeský
kosmonosy,Kosmonosy,79625,8,,Středočeský
rakovník,Rakovník,79573,68,,Středočeský
kutná_hora,Kutná Hora,76850,160,,Středočeský
mnichovo_hradiště,Mnichovo Hradiště,75909,33,,Středočeský
bakov_nad_jizerou,Bakov nad Jizerou,71400,5,,Středočeský
příbram,Příbram,70780,296,,Středočeský
týnec_nad_sázavou,Týnec nad Sázavou,69304,23,,Středočeský
sedlčany,Sedlčany,65181,22,,Středočeský
vlašim,Vlašim,64618,55,,Středočeský
čáslav,Čáslav,62446,65,,Středočeský
josefov,Josefov,322666,6,,Praha
staré_město,Staré Město,222013,73,,Praha
třebonice,Třebonice,201166,30,,Praha
malá_strana,Malá Strana,198781,32,,Praha
nové_město,Nové Město,193715,309,,Praha
vinohrady,Vinohrady,184929,368,,Praha
karlín,Karlín,181087,137,,Praha
velká_chuchle,Velká Chuchle,181000,2,,Praha
jinonice,Jinonice,173300,50,,Praha
hradčany,Hradčany,170500,4,,Praha
dolní_chabry,Dolní Chabry,167666,108,,Praha
dejvice,Dejvice,167145,103,350,Praha
holešovice,Holešovice,166915,319,,Praha
smíchov,Smíchov,166870,395,,Praha
radlice,Radlice,166164,182,302,Praha
košíře,Košíře,165052,228,,Praha
bubeneč,Bubeneč,162719,114,,Praha
liboc,Liboc,161250,20,,Praha
žižkov,Žižkov,160718,771,,Praha
vyšehrad,Vyšehrad,160363,11,,Praha
břevnov,Břevnov,159505,186,,Praha
veleslavín,Veleslavín,158583,48,,Praha
suchdol,Suchdol,157562,16,,Praha
slivenec,Slivenec,156000,3,,Praha
nusle,Nusle,155642,445,,Praha
vršovice,Vršovice,155063,407,,Praha
točná,Točná,155000,1,,Praha
řeporyje,Řeporyje,154710,138,,Praha
hodkovičky,Hodkovičky,154695,46,,Praha
střešovice,Střešovice,153500,22,,Praha
sobín,Sobín,152857,7,,Praha
libeň,Libeň,152250,320,,Praha
podolí,Podolí,151475,82,,Praha
hloubětín,Hloubětín,151154,523,,Praha
uhříněves,Uhříněves,150988,85,,Praha
hrdlořezy,Hrdlořezy,150919,99,,Praha
strašnice,Strašnice,150690,310,,Praha
vokovice,Vokovice,149453,97,,Praha
lysolaje,Lysolaje,148159,44,,Praha
troja,Troja,147663,113,,Praha
dolní_měcholupy,Dolní Měcholupy,147394,38,,Praha
ďáblice,Ďáblice,147250,8,,Praha
krč,Krč,147174,201,,Praha
vysočany,Vysočany,146997,730,,Praha
michle,Michle,145401,152,,Praha
střížkov,Střížkov,144643,143,,Praha
ruzyně,Ruzyně,144500,56,,Praha
kbely,Kbely,144300,30,,Praha
vinoř,Vinoř,143833,12,,Praha
motol,Motol,143541,24,,Praha
malešice,Malešice,143368,76,,Praha
hlubočepy,Hlubočepy,142976,559,,Praha
kyje,Kyje,142711,59,,Praha
háje,Háje,142206,150,,Praha
dolní_počernice,Dolní Počernice,141500,10,,Praha
chodov,Chodov,140858,496,,Praha
hostavice,Hostavice,140828,70,,Praha
štěrboholy,Štěrboholy,139857,7,,Praha
braník,Braník,139766,133,,Praha
libuš,Libuš,139318,22,,Praha
modřany,Modřany,139275,389,,Praha
horní_měcholupy,Horní Měcholupy,138863,205,,Praha
pitkovice,Pitkovice,138793,29,,Praha
čimice,Čimice,138347,23,,Praha
písnice,Písnice,137794,39,,Praha
záběhlice,Záběhlice,137745,302,,Praha
stodůlky,Stodůlky,137665,430,,Praha
újezd_u_průhonic,Újezd u Průhonic,137470,17,,Praha
letňany,Letňany,137092,325,,Praha
lochkov,Lochkov,137000,6,,Praha
sedlec,Sedlec,137000,2,,Praha
prosek,Prosek,136886,150,,Praha
kunratice,Kunratice,136650,20,,Praha
kolovraty,Kolovraty,135333,3,,Praha
čakovice,Čakovice,134848,86,,Praha
kamýk,Kamýk,134224,223,,Praha
komořany,Komořany,133500,4,,Praha
bohnice,Bohnice,133341,129,,Praha
radotín,Radotín,132611,18,,Praha
dubeč,Dubeč,132437,16,,Praha
kobylisy,Kobylisy,132041,170,,Praha
hostivař,Hostivař,131545,240,,Praha
cholupice,Cholupice,129333,3,,Praha
zličín,Zličín,129289,83,,Praha
běchovice,Běchovice,129000,3,,Praha
černý_most,Černý Most,128878,148,,Praha
třeboradice,Třeboradice,128000,1,,Praha
zbraslav,Zbraslav,126878,41,,Praha
koloděje,Koloděje,126333,3,,Praha
šeberov,Šeberov,122000,1,,Praha
řepy,Řepy,121919,124,,Praha
horní_počernice,Horní Počernice,121914,47,,Praha
petrovice,Petrovice,117441,34,,Praha
klánovice,Klánovice,116000,4,,Praha
újezd_nad_lesy,Újezd nad Lesy,114600,25,,Praha
lhotka,Lhotka,113500,20,,Praha
nebušice,Nebušice,111000,3,,Praha
satalice,Satalice,111000,1,,Praha
miškovice,Miškovice,102750,4,,Praha
benice,Benice,99000,1,,Praha
přední_kopanina,Přední Kopanina,98000,1,,Praha
